actorId,awards
a0194124,[]
a0344362,[]
a0424711,[]
a0091356,[]
a0682066,['Nominee']
a0911345,[]
a0053390,['Nominee']
a0871406,[]
a0000741,"['Nominee', 'Nominee', 'Winner', 'Nominee', 'Nominee', 'Nominee', 'Winner', 'Nominee', 'Nominee', 'Winner', 'Winner', 'Nominee', None, 'Nominee', 'Nominee', 'Nominee', 'Winner', 'Nominee', 'Nominee', 'Nominee', 'Nominee', 'Nominee', 'Nominee', 'Nominee', None, 'Winner', 'Winner', 'Winner', 'Winner', 'Nominee', 'Winner', 'Nominee', 'Nominee', 'Nominee', 'Nominee', None, 'Nominee', 'Nominee', 'Winner', 'Winner', 'Winner', 'Winner', 'Winner', None, 'Winner', 'Winner', 'Winner', 'Nominee', None, 'Nominee', 'Winner', 'Nominee', 'Winner', 'Winner', 'Nominee', 'Nominee', 'Winner']"
a0495135,[]
a0636823,[]
a0039970,[]
a0710020,"['Nominee', 'Nominee', 'Nominee', 'Winner', 'Winner', 'Nominee', 'Nominee', 'Winner', 'Nominee', 'Nominee', 'Nominee', 'Nominee']"
a0570033,[]
a0907237,[]
a0004979,"['Nominee', 'Nominee', 'Nominee', 'Nominee', 'Nominee', 'Nominee', 'Nominee', 'Winner', 'Nominee', 'Nominee', 'Nominee', 'Nominee', 'Winner', 'Winner', 'Winner', 'Nominee']"
a0900506,[]
a0000527,"['Nominee', 'Nominee', 'Winner', 'Nominee', 'Nominee', 'Winner', 'Nominee', 'Nominee', 'Nominee', 'Nominee', 'Nominee', 'Nominee', 'Nominee', 'Winner', 'Nominee', 'Winner', 'Winner', 'Winner', 'Winner', 'Nominee', 'Winner', 'Nominee', 'Winner', 'Winner', 'Winner', 'Nominee', 'Winner']"
a0775900,[]
a0601469,[]
a0005124,"['Nominee', 'Nominee', 'Nominee', 'Winner', 'Nominee', 'Winner', 'Nominee', 'Winner', 'Winner', 'Nominee', 'Nominee', None, 'Winner', 'Winner', 'Winner', 'Nominee', 'Winner', None, 'Nominee', None, 'Winner', 'Winner', 'Nominee', 'Winner', 'Nominee', 'Winner', 'Winner', 'Nominee', 'Winner', 'Winner', 'Nominee', 'Nominee', 'Nominee', 'Winner', 'Winner', 'Nominee', 'Nominee', 'Nominee', 'Nominee', 'Nominee', 'Nominee', 'Nominee', 'Nominee', 'Winner', 'Winner', 'Nominee', 'Nominee', 'Nominee', 'Winner', 'Winner', 'Winner', 'Nominee', 'Nominee', 'Winner', 'Winner', 'Winner', 'Nominee', 'Winner', 'Winner', 'Winner', 'Winner', 'Winner', 'Winner', 'Winner', 'Winner', 'Winner', 'Winner', 'Nominee', 'Winner']"
a0426785,[]
a0265668,"['Winner', 'Winner', 'Nominee', 'Nominee', 'Nominee', 'Nominee', 'Nominee', 'Nominee', 'Nominee', 'Nominee', 'Nominee', 'Nominee', 'Nominee', 'Nominee', 'Nominee', 'Nominee']"
a0696447,[]
a0800830,[]
a0817379,"['Nominee', 'Nominee', 'Winner', 'Nominee', 'Nominee', 'Nominee', 'Winner', 'Nominee', 'Winner', 'Nominee', 'Winner', 'Nominee', 'Nominee']"
a0919798,"['Nominee', 'Nominee', 'Winner', 'Winner', 'Nominee', 'Winner', 'Winner', 'Nominee', 'Nominee', 'Nominee', 'Nominee', 'Nominee', 'Nominee', 'Nominee', 'Nominee', None, None, 'Nominee', 'Nominee', 'Nominee', None, None, None, 'Nominee', 'Winner', 'Nominee', 'Nominee', 'Nominee', 'Nominee', 'Winner', 'Nominee']"
a0682300,"['Nominee', 'Nominee', 'Nominee', None, 'Nominee', 'Nominee']"
a0505760,[]
a7610142,[]
a0756218,[]
a0516927,[]
a0552558,[]
a0594031,[]
a0222643,"['Nominee', 'Winner', 'Winner', 'Nominee', 'Nominee', 'Nominee', 'Nominee', 'Nominee', 'Nominee', 'Nominee', 'Winner', 'Winner', 'Nominee', 'Nominee', 'Nominee', None, 'Nominee', 'Winner', 'Nominee', 'Winner', 'Winner', None, 'Nominee', 'Nominee', 'Nominee', 'Nominee', 'Nominee', 'Nominee', 'Winner', 'Winner', 'Nominee', None, 'Winner', 'Nominee', 'Nominee', 'Winner', 'Winner', 'Winner', 'Nominee', 'Nominee', 'Nominee', 'Nominee', 'Nominee']"
a0528802,[]
a2030039,[]
a1352774,"['Winner', 'Winner', 'Winner']"
a0001085,"['Nominee', 'Nominee', 'Nominee', 'Nominee', 'Winner', 'Nominee', 'Nominee', 'Nominee', 'Winner', 'Winner', 'Nominee', 'Nominee', 'Nominee', 'Nominee', 'Winner', 'Nominee', 'Nominee', 'Nominee', 'Nominee']"
a0651074,[]
a0448335,[]
a0218191,"['Winner', 'Nominee']"
a0914211,[]
a0370010,[]
a0000245,"['Winner', 'Nominee', 'Nominee', 'Nominee', 'Winner', 'Nominee', 'Nominee', 'Winner', 'Winner', 'Winner', 'Nominee', 'Nominee', 'Winner', 'Nominee', 'Nominee', 'Winner', 'Nominee', 'Nominee', 'Nominee', None, 'Nominee', 'Nominee', 'Winner', 'Winner', 'Nominee', 'Nominee', 'Nominee', 'Nominee', 'Nominee', 'Nominee', 'Winner', 'Nominee', 'Nominee', 'Winner', 'Nominee', 'Nominee', 'Nominee', 'Nominee', None, 'Nominee', 'Winner', 'Nominee', 'Winner', 'Nominee', 'Winner', 'Winner', None, None, None, 'Winner', None, None, 'Nominee', 'Winner', 'Nominee', 'Winner', 'Nominee', 'Nominee', 'Winner', 'Nominee', 'Nominee', 'Winner', 'Winner', 'Winner', 'Winner', None, 'Winner', 'Winner', 'Nominee', 'Nominee', 'Nominee', 'Nominee', 'Nominee', 'Winner', 'Nominee', 'Nominee', 'Nominee', 'Nominee', 'Winner', 'Nominee', 'Winner', None, 'Winner', 'Nominee', 'Winner', 'Nominee', 'Winner', 'Winner', 'Nominee', 'Winner', 'Nominee', 'Nominee', 'Nominee', 'Nominee', 'Nominee', 'Winner', 'Winner', 'Nominee', 'Nominee', None, 'Winner', 'Nominee', 'Winner', 'Nominee', 'Winner', 'Winner', 'Nominee', 'Winner', 'Winner', 'Nominee', 'Nominee', 'Nominee', 'Nominee', 'Winner', 'Nominee', 'Winner', 'Winner', 'Winner', 'Nominee', 'Winner', 'Nominee', 'Nominee', 'Nominee', 'Nominee', 'Winner', 'Nominee', 'Nominee', 'Winner', 'Nominee', 'Nominee', 'Nominee', 'Nominee', 'Nominee', 'Winner', 'Nominee', 'Winner', 'Winner', 'Winner', 'Nominee', 'Winner', 'Nominee', 'Winner', 'Winner', 'Nominee', None, 'Nominee', 'Winner', 'Nominee', 'Winner', 'Winner']"
a0957648,[]
a0842303,"['Nominee', 'Nominee', 'Nominee', 'Nominee', 'Nominee', 'Nominee']"
a0256225,[]
a0060995,[]
a0733492,[]
a0932112,"['Nominee', 'Nominee', 'Nominee', 'Nominee', 'Nominee', 'Nominee', 'Nominee', 'Nominee', 'Nominee']"
a0502442,"['Nominee', 'Nominee', 'Nominee', 'Nominee', 'Winner']"
a0861809,[]
a4742842,[]
a1498475,[]
a0173466,[]
a0449949,[]
a0783525,[]
a0606658,[]
a0506405,"['Winner', None, 'Nominee', None, 'Winner', 'Nominee', None, None, None, 'Winner', 'Nominee', None, None, 'Nominee', 'Nominee', 'Winner', 'Nominee', 'Nominee', 'Winner', 'Nominee', 'Winner', 'Nominee', 'Winner', 'Nominee', None, 'Nominee', None, 'Nominee', 'Winner', None, 'Winner', 'Winner', None, 'Winner', None, 'Winner', 'Nominee', 'Nominee', 'Nominee', None, 'Winner', None, 'Nominee', 'Nominee', 'Nominee', 'Nominee', 'Winner', 'Nominee', 'Winner', 'Nominee', 'Nominee', 'Nominee', None, 'Winner', 'Nominee', 'Nominee', None, 'Nominee', 'Winner', 'Nominee', 'Nominee', 'Winner', 'Nominee', 'Winner', 'Winner', 'Nominee', 'Nominee', None, 'Nominee', 'Nominee', 'Nominee', 'Nominee', 'Winner', 'Nominee', 'Winner', 'Nominee', 'Winner', 'Nominee', 'Nominee', 'Winner', 'Nominee', 'Nominee']"
a0119698,[]
a0736851,[]
a8136995,[]
a0931090,"['Nominee', 'Winner', 'Winner', 'Nominee', 'Nominee', 'Nominee', 'Winner', None]"
a0113720,[]
a0015935,"['Nominee', 'Winner', 'Nominee', 'Winner']"
a0358650,"['Winner', 'Nominee', 'Nominee', None, 'Nominee', None]"
a0114931,[]
a0348562,[]
a0324533,[]
a0783524,[]
a0359695,[]
a0117206,[]
a0001629,"['Winner', 'Nominee', 'Nominee', 'Nominee', 'Winner', 'Nominee', 'Winner', 'Nominee', 'Winner', 'Nominee', 'Winner', 'Winner', 'Nominee', 'Winner', 'Nominee', None]"
a0578335,[]
a0857451,[]
a0907529,[]
a0346893,"['Winner', 'Nominee']"
a0431957,"['Nominee', 'Winner', 'Nominee']"
a0263298,[]
a0479123,['Nominee']
a0643488,[]
a0002064,"['Nominee', None, 'Nominee', 'Nominee', 'Nominee', 'Nominee', 'Nominee', 'Winner', 'Nominee', 'Winner', 'Nominee', 'Winner', 'Nominee', 'Winner', 'Nominee', 'Winner', 'Nominee', 'Winner', 'Winner', 'Winner', 'Nominee', 'Nominee', 'Nominee', 'Winner', 'Winner', 'Nominee', None, 'Nominee', 'Winner', 'Nominee', 'Nominee', 'Nominee', 'Nominee', 'Winner']"
a0064277,[]
a0459246,[]
a0030926,[]
a0001737,"['Nominee', 'Nominee', None, 'Winner', 'Nominee', 'Nominee', 'Nominee', 'Winner', 'Nominee', None, None, None, 'Winner', 'Nominee', 'Nominee', 'Nominee', 'Nominee', None, 'Nominee', 'Nominee', 'Nominee', 'Winner', 'Winner', 'Winner', 'Winner', 'Nominee', None, 'Nominee', 'Nominee', None, 'Nominee', 'Winner', 'Winner', 'Winner', 'Nominee', 'Nominee', 'Nominee', None, 'Nominee', 'Nominee', 'Nominee', 'Nominee', 'Nominee', 'Winner', 'Nominee', 'Nominee', 'Winner', 'Nominee', None, 'Nominee', 'Nominee', 'Nominee', 'Nominee', 'Nominee', 'Nominee']"
a0000158,"['Nominee', 'Nominee', 'Nominee', 'Winner', 'Winner', 'Nominee', 'Winner', 'Nominee', 'Nominee', 'Nominee', 'Nominee', 'Winner', 'Nominee', 'Winner', 'Winner', 'Nominee', 'Winner', 'Nominee', 'Nominee', 'Winner', 'Nominee', 'Nominee', 'Winner', 'Winner', 'Nominee', 'Nominee', 'Winner', 'Winner', None, 'Nominee', None, 'Winner', 'Nominee', 'Nominee', 'Nominee', 'Nominee', 'Nominee', 'Nominee', 'Nominee', 'Winner', 'Winner', 'Nominee', 'Winner', 'Nominee', 'Nominee', 'Nominee', 'Nominee', 'Nominee', 'Winner', 'Nominee', 'Nominee', 'Nominee', 'Nominee', 'Winner', 'Nominee', 'Winner', 'Winner', 'Nominee', 'Winner', 'Nominee', 'Nominee', 'Nominee', 'Nominee', 'Nominee', 'Nominee', 'Nominee', 'Nominee', 'Winner', 'Nominee', 'Winner', 'Winner', 'Winner', 'Nominee', 'Winner', 'Nominee', 'Winner', 'Winner', 'Nominee', 'Nominee', 'Nominee', 'Nominee', 'Nominee', 'Nominee', 'Nominee', 'Nominee', 'Nominee', 'Nominee', 'Nominee', 'Nominee', 'Nominee', 'Winner', 'Nominee', 'Winner', 'Nominee', 'Nominee', 'Nominee', 'Winner', 'Winner', 'Nominee', 'Winner', 'Nominee', 'Nominee', 'Nominee', 'Nominee', 'Winner', 'Nominee', 'Nominee', 'Nominee', 'Nominee', 'Nominee', 'Nominee', 'Nominee', 'Nominee', 'Nominee', 'Nominee', 'Winner', 'Nominee', 'Winner', 'Winner', 'Nominee', 'Nominee', 'Nominee', 'Nominee', 'Winner', 'Nominee', 'Winner', 'Nominee', 'Nominee', 'Winner', 'Nominee', 'Nominee', 'Nominee', None, 'Winner', 'Winner', 'Winner', 'Nominee', 'Nominee', 'Nominee', 'Nominee', 'Nominee', 'Nominee', 'Nominee', 'Nominee', 'Nominee', 'Winner', 'Winner', 'Winner', 'Nominee', 'Nominee', 'Nominee', 'Nominee', 'Nominee', 'Nominee', 'Nominee', 'Nominee', None, 'Nominee', 'Winner', 'Nominee', 'Nominee', 'Nominee', None, None, 'Nominee', 'Nominee', None, 'Nominee', None, 'Nominee', 'Winner', 'Nominee', None, 'Nominee', 'Winner', 'Winner', 'Winner', 'Nominee', 'Winner', 'Nominee', 'Nominee', 'Nominee', 'Winner', 'Nominee', 'Winner', 'Nominee', 'Nominee', 'Nominee', 'Winner', 'Nominee', 'Winner', 'Nominee', 'Winner', 'Winner', 'Nominee', 'Nominee', 'Winner', 'Nominee', 'Winner', 'Winner', 'Nominee', 'Winner', 'Nominee', None, 'Nominee', 'Nominee', 'Nominee', 'Winner', 'Winner', None, 'Nominee', 'Winner', 'Nominee', 'Nominee', 'Winner', None, 'Winner', 'Nominee', 'Nominee', 'Winner', 'Winner', 'Winner', 'Winner', 'Nominee', 'Winner', 'Winner', 'Winner', 'Nominee', 'Nominee', 'Nominee', None, None, 'Nominee', 'Nominee', 'Winner', 'Nominee', 'Nominee', 'Nominee', 'Nominee', 'Nominee', None, 'Nominee', 'Nominee', 'Nominee', 'Nominee', 'Nominee', 'Nominee', 'Nominee', None, 'Winner', 'Winner', 'Nominee', 'Winner', 'Winner', 'Nominee', 'Winner', 'Nominee', 'Nominee', 'Nominee', 'Winner', 'Winner', 'Winner', 'Winner', 'Nominee', 'Winner', 'Nominee', 'Nominee', 'Nominee', 'Nominee', 'Nominee', 'Nominee', 'Winner', 'Nominee', None, 'Winner']"
a0139455,[]
a0129749,"['Nominee', 'Nominee']"
a0522352,[]
a0373389,[]
a0065735,['Winner']
a0842470,['Nominee']
a0077615,[]
a1327149,[]
a0754676,"['Nominee', None, 'Nominee', 'Nominee', 'Nominee']"
a0173454,[]
a0001728,"['Nominee', 'Nominee', 'Winner', 'Winner', 'Nominee', 'Nominee', 'Winner']"
a0593273,[]
a0000593,"['Nominee', None, 'Nominee', 'Nominee', 'Winner']"
a0808669,['Nominee']
a0724545,[]
a0583654,[]
a0328678,[]
a0000188,"['Winner', 'Nominee', 'Nominee', 'Nominee', 'Nominee', 'Nominee', 'Nominee', None, None, 'Nominee', None, 'Nominee', 'Nominee', 'Nominee', 'Nominee', 'Winner', 'Nominee', 'Winner', 'Nominee', 'Nominee', 'Nominee', 'Nominee', 'Nominee', 'Winner', 'Nominee', 'Winner', 'Nominee', 'Nominee', 'Nominee', 'Winner', 'Nominee', 'Nominee', 'Winner', 'Nominee', 'Nominee', 'Winner', 'Nominee', 'Nominee', 'Nominee', 'Nominee', 'Winner', 'Winner', 'Winner', 'Nominee', 'Winner', 'Winner', 'Nominee', 'Nominee', 'Winner', 'Winner', 'Winner', 'Winner', 'Nominee', 'Nominee', 'Winner', 'Winner', 'Winner', 'Nominee', 'Nominee', 'Nominee', 'Nominee', 'Winner', 'Nominee', None, 'Nominee', 'Winner', 'Nominee', 'Nominee', 'Winner', 'Winner']"
a0210915,[]
a0220984,"['Nominee', 'Nominee', 'Nominee', 'Nominee', 'Nominee']"
a0000268,"['Nominee', 'Nominee', 'Nominee', 'Nominee', 'Nominee', 'Winner', 'Winner', 'Nominee', 'Winner', 'Winner', 'Nominee', 'Winner', 'Winner', 'Nominee', 'Nominee', 'Nominee', 'Nominee', 'Nominee', 'Nominee', 'Winner', 'Winner', 'Nominee', 'Winner', 'Winner', 'Winner', 'Winner', 'Nominee', 'Nominee', 'Nominee', 'Nominee', 'Nominee', 'Winner', 'Nominee', 'Winner', 'Nominee', 'Nominee', 'Winner', 'Nominee', 'Nominee', 'Nominee', 'Nominee', 'Nominee', 'Winner', 'Winner']"
a0940430,"['Winner', 'Nominee', 'Winner', 'Nominee', 'Nominee', 'Nominee', 'Nominee', 'Nominee', 'Winner', 'Nominee', 'Nominee', 'Winner', 'Nominee', 'Nominee', 'Winner', 'Nominee', 'Nominee', 'Nominee', 'Nominee', 'Nominee']"
a0002138,"['Nominee', 'Nominee', 'Nominee', 'Nominee', 'Nominee', 'Nominee', 'Winner', 'Nominee', None, 'Winner', 'Nominee', 'Nominee', 'Nominee', 'Nominee', 'Nominee']"
a0528635,[]
a0192368,[]
a0000648,"['Nominee', 'Winner', 'Winner', 'Nominee', 'Nominee', 'Winner', 'Nominee', 'Nominee', 'Winner', 'Nominee', 'Nominee', 'Nominee', 'Nominee', 'Nominee', 'Winner', 'Winner', 'Nominee', 'Nominee', 'Nominee', None, 'Nominee', 'Nominee', 'Winner', 'Nominee', 'Winner', 'Nominee', 'Nominee', 'Winner', 'Winner', 'Winner']"
a0296777,[]
a0165101,"['Nominee', 'Winner', 'Nominee', 'Nominee', 'Winner', 'Winner', 'Winner', 'Nominee', 'Nominee', 'Nominee', 'Winner', 'Nominee', 'Winner', 'Winner', 'Nominee', 'Nominee', 'Winner', 'Nominee', 'Winner', 'Nominee', 'Winner', 'Nominee', 'Nominee', 'Nominee', 'Winner', 'Winner', 'Winner', 'Nominee', 'Nominee', 'Nominee', 'Winner', 'Winner', 'Nominee', 'Nominee', 'Winner', 'Winner', 'Nominee', 'Nominee', 'Nominee', 'Nominee', 'Nominee', 'Winner', 'Winner', 'Nominee', 'Nominee', 'Winner', 'Winner', 'Winner', 'Nominee', 'Winner', 'Winner', 'Nominee', 'Nominee', 'Nominee', 'Nominee', 'Nominee', 'Winner', 'Nominee', 'Winner', 'Winner', 'Winner', 'Nominee', 'Nominee', 'Nominee', 'Nominee', None, None, 'Nominee', 'Nominee', 'Winner', 'Winner', 'Winner', 'Nominee']"
a0627624,"['Nominee', 'Winner', 'Nominee']"
a0004056,"['Nominee', 'Winner', 'Nominee', 'Winner', 'Nominee', 'Nominee', 'Nominee', 'Winner', 'Winner', 'Nominee', 'Nominee', 'Winner', 'Nominee', 'Nominee', 'Nominee', 'Nominee', 'Nominee', 'Nominee', 'Winner', 'Nominee', 'Nominee', 'Nominee', 'Nominee', 'Winner', None, 'Nominee', 'Winner', 'Nominee', None, 'Winner', 'Nominee', 'Winner', 'Winner', 'Nominee', 'Winner', 'Nominee', 'Winner', 'Nominee', 'Winner', 'Nominee', 'Nominee', 'Nominee', 'Nominee', 'Winner', 'Nominee', 'Nominee', 'Nominee', 'Nominee', 'Nominee', 'Nominee', 'Winner', 'Nominee', 'Nominee', 'Nominee', None, 'Winner', 'Winner', 'Nominee', 'Nominee', 'Winner', 'Nominee', 'Nominee', 'Nominee', 'Winner', 'Nominee', 'Nominee', 'Winner', 'Nominee', 'Winner', 'Nominee', 'Winner', 'Nominee', 'Nominee', 'Winner', 'Winner', 'Nominee', 'Nominee', 'Winner', 'Nominee', 'Nominee', 'Winner', 'Nominee', 'Winner', 'Nominee', 'Nominee', 'Nominee', 'Nominee', 'Nominee', 'Winner', 'Nominee', 'Nominee', 'Nominee', 'Winner', 'Nominee', 'Winner', 'Winner', 'Winner', 'Nominee', 'Winner', 'Winner', 'Nominee', 'Nominee']"
a0091357,[]
a0579614,[]
a0938684,"['Nominee', 'Nominee']"
a0093074,[]
a0582104,[]
a0569680,[]
a0682495,"['Winner', 'Nominee', 'Nominee', 'Winner', 'Nominee', 'Nominee', 'Nominee', 'Nominee', 'Nominee', 'Nominee', 'Nominee', 'Nominee', 'Nominee', 'Nominee', 'Nominee', 'Winner', 'Nominee', 'Nominee', 'Winner', 'Nominee', 'Nominee', 'Nominee', 'Nominee', 'Nominee', 'Winner', 'Nominee']"
a0924959,[]
a1888456,[]
a0000291,"['Nominee', 'Winner', 'Nominee', None, 'Nominee', 'Nominee', 'Nominee', 'Nominee', 'Nominee', 'Nominee', 'Winner', 'Nominee', 'Winner', 'Nominee', 'Winner', 'Nominee', 'Nominee', 'Nominee', 'Nominee', 'Nominee', 'Nominee', 'Nominee', 'Nominee', 'Nominee', 'Nominee', 'Nominee', 'Nominee', 'Nominee', 'Winner', 'Nominee', None, 'Nominee', None, None, 'Nominee', 'Nominee', 'Nominee', 'Nominee', 'Winner', None, 'Winner', 'Nominee', 'Nominee', 'Nominee', 'Nominee', 'Nominee', 'Nominee', 'Nominee', 'Nominee', 'Winner', 'Winner', 'Nominee', 'Nominee', 'Nominee', 'Nominee', 'Nominee', 'Winner', 'Nominee', 'Nominee', 'Nominee', 'Nominee', 'Nominee', 'Nominee', 'Winner', 'Winner', 'Winner', 'Winner', 'Nominee', 'Nominee', 'Nominee', None, 'Nominee', 'Winner', 'Nominee', None, 'Winner', 'Nominee', 'Nominee', 'Nominee', 'Winner', None, 'Winner', None, 'Nominee', 'Winner', 'Winner', 'Nominee', 'Winner', 'Winner', None, 'Winner', 'Nominee', 'Winner', 'Nominee', None, 'Nominee', 'Nominee', 'Nominee', 'Nominee', 'Nominee', 'Nominee', 'Winner', 'Nominee', 'Nominee', 'Nominee', 'Winner', 'Winner', 'Winner', 'Nominee', 'Winner']"
a0000388,"['Nominee', 'Nominee', 'Winner', 'Nominee', 'Nominee', 'Winner']"
a0226934,['Nominee']
a0233733,[]
a0941781,[]
a0902184,"['Nominee', 'Nominee', 'Nominee', 'Nominee', 'Nominee', 'Nominee', 'Nominee']"
a5952859,[]
a0011038,"['Nominee', 'Nominee', 'Winner', 'Nominee', 'Winner', 'Winner', 'Nominee', 'Nominee', 'Winner', 'Nominee']"
a0743486,[]
a0267724,"['Winner', 'Nominee', 'Nominee', 'Winner', 'Winner', 'Nominee', None, None, 'Winner', 'Winner', None, 'Winner', 'Nominee', 'Nominee', 'Nominee', 'Nominee']"
a0589353,[]
a0857326,[]
a1262751,[]
a0817928,[]
a0003028,['Winner']
a0000703,"['Nominee', 'Winner', 'Winner', 'Nominee', 'Winner', 'Nominee', 'Winner', 'Nominee', 'Nominee']"
a0376063,[]
a1993768,"['Winner', 'Winner', 'Winner']"
a0799161,[]
a0523629,"['Winner', 'Winner', 'Winner']"
a0025908,[]
a0776819,[]
a0371660,"['Nominee', 'Winner', 'Winner', 'Winner', 'Winner', 'Winner', 'Nominee', 'Nominee', 'Nominee', 'Nominee', 'Nominee', 'Nominee', 'Nominee', 'Nominee', 'Nominee', 'Nominee', 'Nominee', 'Nominee', 'Winner', 'Winner', 'Nominee', 'Nominee', 'Nominee', 'Nominee', 'Winner', 'Winner']"
a0920084,[]
a3974084,[]
a0220635,"['Nominee', 'Nominee', 'Nominee', 'Nominee', 'Nominee', 'Nominee', 'Nominee']"
a0000047,"['Winner', 'Nominee', 'Winner', 'Winner', 'Nominee', 'Winner', 'Nominee', 'Winner', 'Nominee', 'Winner', 'Nominee', 'Winner', 'Nominee', 'Winner', 'Nominee', 'Winner', 'Winner', 'Winner', 'Winner', 'Nominee', 'Winner', 'Winner', 'Winner', 'Winner', 'Winner', 'Winner', 'Winner', 'Winner', 'Nominee', 'Nominee', 'Winner', 'Nominee', 'Winner', 'Winner', 'Winner', 'Winner', 'Winner', 'Winner', 'Winner', 'Winner', 'Winner', 'Winner', 'Winner', 'Winner', 'Winner', 'Winner', 'Winner', 'Winner', 'Nominee', 'Nominee', 'Winner', 'Winner', 'Winner', 'Winner', 'Winner', 'Winner', 'Winner', 'Nominee', 'Nominee', 'Nominee', 'Winner', 'Winner', 'Nominee', 'Nominee', 'Nominee', 'Nominee', 'Nominee', 'Nominee', 'Nominee', 'Nominee', 'Nominee', 'Nominee', 'Nominee', 'Nominee', None, 'Nominee', 'Winner', 'Winner', 'Winner', 'Winner', 'Winner', 'Winner', 'Winner', 'Winner', 'Nominee', 'Nominee', 'Winner', 'Winner', 'Winner', 'Nominee', 'Winner', 'Winner', 'Winner', 'Winner', 'Winner', 'Winner', 'Winner', 'Winner', 'Nominee']"
a2502354,[]
a1081893,"['Nominee', 'Winner']"
a0729273,"['Nominee', 'Winner', 'Nominee', 'Nominee']"
a0377666,[]
a0128054,[]
a0160648,[]
a0004729,"['Winner', 'Nominee', 'Nominee', 'Winner', 'Nominee', 'Nominee', 'Nominee', 'Nominee']"
a0303175,[]
a0000493,"['Nominee', 'Nominee', 'Nominee', 'Winner', 'Nominee', 'Nominee', 'Nominee', 'Winner', 'Winner', 'Nominee', 'Nominee', 'Winner', 'Nominee', 'Winner', 'Nominee', 'Nominee', 'Nominee', 'Nominee', 'Nominee', 'Nominee', 'Nominee', 'Nominee', 'Nominee', 'Winner', 'Nominee', 'Nominee', 'Nominee', 'Nominee', None, 'Nominee', 'Winner', 'Winner', 'Winner', 'Nominee', 'Nominee', 'Nominee', 'Nominee', 'Winner', 'Nominee', 'Winner', 'Nominee', None, 'Nominee', 'Winner', 'Winner', 'Nominee', 'Winner', 'Nominee', 'Nominee', 'Winner', 'Winner', 'Nominee', 'Winner', 'Winner', 'Nominee', 'Nominee', 'Winner', 'Winner', 'Winner', 'Nominee', 'Winner', 'Winner', 'Nominee', 'Winner', 'Winner', 'Winner', 'Winner', 'Winner', 'Winner', 'Winner', 'Winner', 'Winner', 'Nominee', 'Nominee', 'Nominee', 'Winner', 'Nominee', None, 'Winner', None, 'Winner', 'Nominee', 'Winner', 'Nominee', 'Nominee', 'Winner', 'Nominee', 'Nominee', 'Nominee', 'Nominee', 'Winner', 'Winner', 'Nominee', 'Winner', 'Winner', 'Nominee', 'Winner', 'Winner', 'Winner', 'Nominee', 'Winner', 'Winner', 'Winner', 'Winner', 'Winner', 'Winner', 'Winner', 'Winner']"
a0789249,[]
a0563902,"['Nominee', None]"
a0942642,['Nominee']
a0682403,[]
a0073765,[]
a0481222,['Winner']
a3456597,[]
a0725543,"['Winner', 'Nominee', 'Nominee', 'Nominee', 'Winner', 'Winner']"
a0342716,[]
a0001447,"['Nominee', 'Nominee', 'Nominee', 'Nominee', None, 'Nominee', 'Nominee', 'Nominee', 'Nominee', None, 'Nominee', 'Winner', 'Nominee', 'Nominee', 'Nominee', 'Winner', 'Nominee', 'Winner', 'Winner', 'Nominee', None, 'Winner', 'Nominee', 'Nominee', 'Nominee', None, 'Nominee', 'Nominee', 'Nominee', 'Winner', 'Nominee', 'Nominee', 'Nominee', 'Winner', 'Nominee', 'Winner', 'Nominee', 'Nominee', 'Winner']"
a0583653,[]
a0001633,"['Nominee', 'Nominee', 'Winner', 'Nominee', 'Winner', 'Nominee', 'Nominee', 'Nominee', None, 'Nominee', 'Nominee', 'Nominee', 'Nominee', 'Nominee', 'Nominee']"
a0698413,"['Nominee', 'Nominee']"
a0439150,[]
a0489849,[]
a0513323,[]
a1524576,"['Winner', 'Winner', 'Winner', 'Winner', 'Winner', 'Winner']"
a0002123,"['Nominee', 'Winner']"
a0616756,[]
a0263449,[]
a0001564,"['Nominee', 'Nominee', 'Winner', 'Winner', 'Nominee', 'Nominee', 'Nominee', 'Nominee', 'Nominee', 'Nominee', 'Nominee', 'Winner', 'Nominee', 'Nominee', 'Nominee']"
a0831471,[]
a0425594,[]
a0173473,[]
a0176659,[]
a0000379,"['Nominee', 'Nominee', 'Nominee', 'Nominee', 'Nominee', 'Nominee', 'Winner', 'Nominee', 'Nominee', 'Winner', 'Winner', 'Nominee', 'Nominee', 'Nominee', 'Nominee', 'Nominee', 'Nominee', 'Nominee', 'Winner', 'Nominee', 'Winner', 'Nominee', 'Nominee', 'Winner', 'Nominee', 'Nominee', 'Nominee', 'Winner', 'Nominee', 'Nominee', 'Winner', 'Nominee', 'Nominee', 'Nominee', 'Nominee', 'Winner', 'Nominee', 'Winner', 'Nominee', 'Nominee', 'Nominee', 'Nominee', 'Nominee', 'Nominee', None, 'Nominee', 'Winner', 'Nominee', 'Winner', 'Nominee', None, 'Winner', 'Nominee', 'Nominee', 'Nominee', 'Nominee', 'Winner', 'Nominee', 'Nominee', 'Winner', 'Nominee', 'Nominee', 'Winner', 'Winner', 'Winner', 'Winner', None, 'Nominee', 'Winner', 'Winner', 'Nominee', 'Winner', 'Nominee', 'Winner', 'Winner', 'Nominee', 'Nominee', 'Nominee', 'Winner', 'Nominee', 'Winner', 'Nominee', 'Nominee', 'Nominee', 'Nominee', 'Nominee', 'Nominee', 'Winner', 'Nominee', 'Winner', 'Winner', 'Nominee', 'Winner', 'Nominee', None, 'Nominee', 'Winner', 'Nominee', None, 'Nominee', None, 'Nominee', 'Nominee', 'Nominee', 'Nominee', 'Winner', 'Winner', 'Winner', 'Nominee', 'Nominee', 'Nominee', 'Nominee', 'Nominee', 'Nominee', 'Nominee', 'Winner', 'Nominee', None, 'Winner', 'Winner', 'Nominee', 'Winner']"
a0684442,[]
a0319710,[]
a0489605,[]
a0422710,"['Nominee', 'Nominee', None, 'Nominee', None, 'Nominee', None, 'Nominee', None, 'Nominee', 'Nominee', 'Nominee', 'Winner', 'Nominee', 'Nominee', 'Nominee', 'Nominee', 'Nominee', 'Winner']"
a0150427,[]
a0091443,[]
a0582418,"['Nominee', 'Nominee', 'Nominee', 'Nominee', 'Nominee', 'Nominee', None, None, 'Nominee', 'Nominee', 'Nominee', 'Nominee', 'Winner', 'Winner', 'Winner', 'Nominee', 'Nominee', 'Winner', 'Winner', 'Nominee', 'Winner', 'Nominee', 'Winner', 'Nominee', 'Winner', 'Winner', 'Nominee', 'Nominee', 'Winner', 'Winner', 'Winner', 'Winner', 'Winner', 'Nominee', 'Nominee', 'Nominee', 'Nominee', 'Winner', 'Nominee', 'Nominee', 'Winner', 'Winner', 'Nominee', 'Nominee', 'Winner', 'Nominee', 'Nominee', 'Nominee', None, 'Nominee', 'Winner', 'Nominee', 'Nominee', 'Nominee', 'Winner', 'Nominee', 'Winner', 'Winner', 'Nominee', 'Winner', 'Winner', 'Winner', 'Winner', 'Nominee', 'Winner', 'Nominee', 'Winner', 'Winner', 'Winner', 'Winner', 'Winner', 'Winner', 'Nominee', 'Nominee', None, 'Winner', 'Nominee', None, None, 'Nominee', 'Winner', 'Nominee', 'Nominee', 'Winner', 'Winner', 'Nominee', 'Winner', 'Winner', 'Nominee', 'Nominee', 'Nominee', 'Nominee', None, 'Nominee', 'Winner', 'Winner', 'Winner', 'Winner', 'Winner', 'Nominee', 'Nominee', 'Nominee', 'Winner', 'Winner']"
a0120410,[]
a0001652,"['Nominee', 'Nominee', 'Nominee', 'Nominee', 'Winner']"
a0580565,"['Nominee', 'Nominee', 'Nominee', 'Nominee', 'Winner', 'Nominee', 'Winner', 'Winner', 'Nominee', 'Nominee', 'Winner', 'Winner', 'Winner']"
a0293589,"['Nominee', 'Winner', 'Nominee']"
a0001365,"['Nominee', 'Winner', 'Nominee', 'Winner', None, 'Winner', 'Nominee', 'Winner', None, None, 'Nominee', 'Winner', 'Nominee', None, 'Winner', 'Winner', 'Winner', 'Nominee', 'Nominee', 'Nominee', 'Nominee', None, 'Winner', 'Nominee', None, None, 'Nominee', None, 'Nominee', None, None, 'Winner', None, 'Nominee', 'Nominee', None, 'Nominee', 'Nominee', 'Nominee', 'Nominee', None, 'Winner', 'Nominee', None, None, 'Nominee', 'Winner', 'Nominee', None, 'Winner', 'Nominee', None, None, 'Nominee', 'Winner', None, 'Nominee', None, None, 'Winner', 'Nominee', 'Winner', 'Winner', 'Nominee', 'Nominee', 'Nominee', 'Winner', 'Nominee', 'Nominee', 'Winner', 'Nominee', None, None, 'Nominee', 'Winner', 'Nominee', 'Nominee', 'Nominee', None, None, 'Nominee', 'Winner', 'Nominee', None, 'Winner', 'Winner', 'Nominee', 'Winner', None, 'Nominee', 'Winner', 'Nominee', None, 'Nominee', 'Winner', 'Nominee', 'Nominee', None, 'Nominee']"
a0000473,"['Nominee', 'Nominee', 'Nominee', 'Winner', 'Winner', 'Nominee', 'Nominee', 'Nominee', 'Nominee', 'Nominee', 'Nominee', 'Winner', 'Nominee', 'Nominee', 'Nominee', 'Nominee', 'Winner', 'Winner', 'Nominee', 'Winner', 'Winner', None, 'Nominee', 'Nominee', 'Nominee', 'Nominee', 'Winner', 'Nominee', 'Nominee', 'Nominee', 'Nominee', 'Nominee', 'Nominee', 'Nominee', 'Winner', 'Winner', 'Nominee', 'Winner', 'Winner', 'Nominee', 'Winner', 'Winner', 'Nominee', 'Winner', 'Winner', 'Winner', 'Winner', 'Nominee', 'Nominee', 'Winner', 'Nominee', 'Nominee', 'Winner', 'Winner', 'Winner', 'Nominee', 'Nominee', 'Nominee', 'Nominee', 'Winner', 'Nominee', 'Nominee', 'Nominee', 'Winner', 'Nominee', 'Winner', 'Nominee', 'Winner', 'Nominee', 'Nominee', 'Nominee', 'Nominee', 'Nominee', 'Nominee', 'Winner', 'Nominee', 'Nominee', 'Winner', None, 'Nominee', 'Winner', 'Nominee', 'Nominee', None, 'Nominee', 'Nominee', 'Nominee', 'Winner', 'Nominee', 'Winner', 'Winner']"
a0582110,[]
a0956009,[]
a0640891,['Nominee']
a0776756,[]
a0003742,[]
a0404993,"['Nominee', 'Winner']"
a0000435,"['Winner', 'Winner', 'Nominee', 'Nominee', 'Nominee', 'Nominee', 'Winner', 'Winner', 'Nominee', 'Winner', 'Nominee', 'Nominee', 'Winner', 'Nominee', 'Nominee', 'Nominee', 'Nominee']"
a0005375,"['Nominee', 'Nominee', 'Nominee']"
a0001815,"['Winner', 'Nominee']"
a0505239,[]
a0029460,[]
a0648011,[]
a0120783,[]
a0289177,[]
a0001372,"['Nominee', 'Nominee', 'Nominee', 'Winner', 'Nominee', 'Nominee', 'Nominee', 'Winner', 'Nominee', None, 'Winner', 'Nominee', 'Nominee', 'Nominee', 'Nominee', 'Nominee', 'Nominee', 'Winner', 'Nominee']"
a0042963,[]
a2759735,[]
a0015233,[]
a0134852,[]
a0829121,[]
a0760254,[]
